CustomerID,Actual Churn,Churn Probability,Predicted Churn,Risk Level
7180-PISOG,1,97.29,1,High Risk
2656-TABEH,1,96.08,1,High Risk
7384-GHBPI,1,95.78,1,High Risk
7228-OMTPN,1,95.76,1,High Risk
1455-UGQVH,1,95.64,1,High Risk
2446-BEGGB,1,95.4,1,High Risk
1143-NMNQJ,1,95.24,1,High Risk
9965-YOKZB,1,95.16,1,High Risk
1569-TTNYJ,1,94.86,1,High Risk
5955-ERIHD,1,94.64,1,High Risk
4952-YSOGZ,1,94.54,1,High Risk
2309-OSFEU,1,94.45,1,High Risk
4548-SDBKE,1,94.39,1,High Risk
8065-YKXKD,1,94.37,1,High Risk
8580-AECUZ,1,94.05,1,High Risk
1846-XWOQN,1,94.01,1,High Risk
0637-KVDLV,1,93.96,1,High Risk
5192-EBGOV,1,93.82,1,High Risk
3389-YGYAI,1,93.65,1,High Risk
9725-SCPZG,1,93.61,1,High Risk
8835-VSDSE,1,93.46,1,High Risk
2982-VPSGI,1,93.39,1,High Risk
0295-PPHDO,1,93.38,1,High Risk
4210-QFJMF,1,93.36,1,High Risk
7576-OYWBN,1,93.18,1,High Risk
5134-IKDAY,1,93.08,1,High Risk
6683-VLCTZ,1,93.04,1,High Risk
2462-XIIJB,1,92.9,1,High Risk
0011-IGKFF,1,92.84,1,High Risk
2359-KMGLI,1,92.79,1,High Risk
7817-BOQPW,1,92.64,1,High Risk
3143-JQEGI,1,92.61,1,High Risk
1626-ERCMM,1,92.53,1,High Risk
8945-GRKHX,1,92.46,1,High Risk
3319-DWOEP,1,92.35,1,High Risk
8337-UPOAQ,1,92.16,1,High Risk
5567-WSELE,1,92.11,1,High Risk
5229-PRWKT,1,92.0,1,High Risk
7240-ETPTR,1,91.98,1,High Risk
1415-YFWLT,1,91.82,1,High Risk
0107-YHINA,1,91.58,1,High Risk
1867-BDVFH,1,91.22,1,High Risk
3158-MOERK,1,91.21,1,High Risk
1075-BGWOH,1,91.15,1,High Risk
3988-RQIXO,1,91.15,1,High Risk
9134-CEQMF,1,91.09,1,High Risk
0970-ETWGE,1,91.08,1,High Risk
8541-QVFKM,0,91.02,1,High Risk
1195-OIYEJ,1,91.01,1,High Risk
2012-NWRPA,1,91.01,1,High Risk
9507-EXLTT,1,90.94,1,High Risk
2357-COQEK,1,90.93,1,High Risk
8603-IJWDN,1,90.91,1,High Risk
2660-EMUBI,1,90.9,1,High Risk
1891-UAWWU,1,90.55,1,High Risk
6108-OQZDQ,1,90.53,1,High Risk
8844-TONUD,1,90.51,1,High Risk
0318-QUUOB,1,90.39,1,High Risk
4094-NSEDU,1,90.38,1,High Risk
7274-RTAPZ,1,90.28,1,High Risk
5445-UTODQ,1,90.28,1,High Risk
1820-TQVEV,1,90.27,1,High Risk
6595-YGXIT,1,90.17,1,High Risk
4484-GLZOU,1,90.11,1,High Risk
8058-JMEQO,1,90.06,1,High Risk
0122-OAHPZ,1,89.99,1,High Risk
5673-FSSMF,1,89.95,1,High Risk
9172-JITSM,1,89.85,1,High Risk
4433-JCGCG,1,89.8,1,High Risk
7943-RQCHR,1,89.75,1,High Risk
9190-MFJLN,1,89.7,1,High Risk
3716-BDVDB,1,89.57,1,High Risk
5949-XIKAE,1,89.54,1,High Risk
6513-EECDB,1,89.5,1,High Risk
5095-AESKG,1,89.38,1,High Risk
3550-SAHFP,1,89.25,1,High Risk
8473-VUVJN,1,89.2,1,High Risk
7577-SWIFR,0,89.11,1,High Risk
1761-AEZZR,1,89.04,1,High Risk
2985-FMWYF,0,89.04,1,High Risk
4826-XTSOH,1,89.02,1,High Risk
7273-TEFQD,1,88.95,1,High Risk
3074-GQWYX,1,88.95,1,High Risk
1768-ZAIFU,1,88.92,1,High Risk
0334-GDDSO,1,88.9,1,High Risk
6100-QQHEB,1,88.84,1,High Risk
2265-CYWIV,1,88.82,1,High Risk
5834-ASPWA,1,88.8,1,High Risk
1624-NALOJ,1,88.77,1,High Risk
0259-GBZSH,1,88.75,1,High Risk
9391-EOYLI,1,88.72,1,High Risk
6400-BWQKW,1,88.68,1,High Risk
6856-RAURS,0,88.57,1,High Risk
6379-RXJRQ,1,88.53,1,High Risk
2720-WGKHP,1,88.53,1,High Risk
0495-RVCBF,1,88.5,1,High Risk
4086-YQSNZ,1,88.44,1,High Risk
0578-SKVMF,1,88.44,1,High Risk
2027-FECZV,1,88.41,1,High Risk
2636-ALXXZ,1,88.18,1,High Risk
0723-DRCLG,1,88.16,1,High Risk
1465-VINDH,1,88.14,1,High Risk
6996-KNSML,1,88.13,1,High Risk
7130-VTEWQ,1,88.12,1,High Risk
0697-ZMSWS,1,88.12,1,High Risk
9601-BRXPO,1,88.11,1,High Risk
1069-XAIEM,1,88.08,1,High Risk
3621-CEOVK,1,88.07,1,High Risk
4192-GORJT,1,88.04,1,High Risk
8361-LTMKD,1,88.04,1,High Risk
8051-HJRLT,1,87.98,1,High Risk
1309-BXVOQ,1,87.97,1,High Risk
6618-RYATB,1,87.92,1,High Risk
9185-TQCVP,1,87.87,1,High Risk
0680-DFNNY,1,87.83,1,High Risk
3519-ZKXGG,1,87.82,1,High Risk
5419-CONWX,1,87.81,1,High Risk
4910-GMJOT,1,87.8,1,High Risk
4585-HETAI,1,87.72,1,High Risk
8775-LHDJH,1,87.66,1,High Risk
3049-NDXFL,1,87.66,1,High Risk
8083-YTZES,1,87.65,1,High Risk
1731-TVIUK,1,87.65,1,High Risk
9334-GWGOW,0,87.6,1,High Risk
7218-HKQFK,1,87.55,1,High Risk
3793-MMFUH,1,87.45,1,High Risk
2636-OHFMN,1,87.44,1,High Risk
1447-GIQMR,1,87.42,1,High Risk
8816-VXNZD,1,87.42,1,High Risk
0004-TLHLJ,1,87.4,1,High Risk
4581-SSPWD,1,87.37,1,High Risk
4547-KQRTM,1,87.35,1,High Risk
7660-HDPJV,1,87.34,1,High Risk
1678-FYZOW,1,87.33,1,High Risk
2055-PDADH,1,87.28,1,High Risk
2024-BASKD,1,87.26,1,High Risk
8290-YWKHZ,1,87.18,1,High Risk
6393-WRYZE,1,87.13,1,High Risk
3198-VELRD,1,87.08,1,High Risk
5520-FVEWJ,1,86.98,1,High Risk
3276-HDUEG,1,86.97,1,High Risk
3097-NQYSN,1,86.93,1,High Risk
6474-FVJLC,1,86.92,1,High Risk
6567-HOOPW,1,86.92,1,High Risk
5883-GTGVD,1,86.91,1,High Risk
9560-ARGQJ,1,86.9,1,High Risk
4510-HIMLV,1,86.85,1,High Risk
9514-JDSKI,1,86.84,1,High Risk
8884-ADFVN,1,86.81,1,High Risk
0897-FEGMU,1,86.73,1,High Risk
2840-XANRC,1,86.69,1,High Risk
2737-WFVYW,1,86.69,1,High Risk
0564-JJHGS,1,86.68,1,High Risk
3473-XIIIT,1,86.65,1,High Risk
7156-MHUGY,1,86.64,1,High Risk
6502-HCJTI,1,86.61,1,High Risk
1618-CFHME,1,86.59,1,High Risk
3606-TWKGI,1,86.47,1,High Risk
5419-JPRRN,1,86.43,1,High Risk
6704-UTUKK,0,86.25,1,High Risk
4822-RVYBB,1,86.24,1,High Risk
0220-EBGCE,1,86.2,1,High Risk
9451-LPGOO,1,86.14,1,High Risk
7074-IEVOJ,1,86.14,1,High Risk
9741-YLNTD,0,86.13,1,High Risk
8098-LLAZX,1,86.07,1,High Risk
1579-KLYDT,1,86.06,1,High Risk
4277-PVRAN,1,86.06,1,High Risk
6017-PPLPX,1,86.04,1,High Risk
0722-TROQR,1,86.02,1,High Risk
8972-HJWNV,1,85.99,1,High Risk
0236-HFWSV,1,85.97,1,High Risk
5565-FILXA,1,85.97,1,High Risk
4102-OQUPX,1,85.96,1,High Risk
4282-YMKNA,1,85.79,1,High Risk
0702-PGIBZ,1,85.78,1,High Risk
9837-BMCLM,1,85.76,1,High Risk
1031-IIDEO,1,85.67,1,High Risk
9681-OXGVC,1,85.56,1,High Risk
5923-GXUOC,1,85.5,1,High Risk
6630-UJZMY,0,85.5,1,High Risk
7511-YMXVQ,1,85.46,1,High Risk
5797-APWZC,1,85.34,1,High Risk
9488-HGMJH,1,85.24,1,High Risk
4439-JMPMT,1,85.23,1,High Risk
9061-TIHDA,1,85.21,1,High Risk
2982-IHMFT,1,85.21,1,High Risk
8821-XNHVZ,1,85.17,1,High Risk
1184-PJVDB,1,85.15,1,High Risk
2202-CUYXZ,1,85.09,1,High Risk
9821-POOTN,1,85.04,1,High Risk
7613-LLQFO,1,85.02,1,High Risk
4547-LYTDD,1,85.02,1,High Risk
5884-GCYMI,1,84.99,1,High Risk
8149-RSOUN,1,84.99,1,High Risk
7851-WZEKY,1,84.95,1,High Risk
6518-LGAOV,1,84.94,1,High Risk
4795-KTRTH,1,84.94,1,High Risk
1304-NECVQ,1,84.89,1,High Risk
9992-RRAMN,1,84.88,1,High Risk
2034-GDRCN,1,84.75,1,High Risk
0231-LXVAP,1,84.73,1,High Risk
1268-ASBGA,1,84.73,1,High Risk
9809-IMGCQ,1,84.71,1,High Risk
2952-QAYZF,1,84.63,1,High Risk
6432-TWQLB,1,84.57,1,High Risk
1273-MTETI,1,84.57,1,High Risk
4424-TKOPW,1,84.53,1,High Risk
5219-YIPTK,1,84.53,1,High Risk
8000-REIQB,1,84.51,1,High Risk
5244-IRFIH,1,84.46,1,High Risk
0219-YTZUE,1,84.44,1,High Risk
3746-EUBYR,1,84.4,1,High Risk
8111-RKSPX,1,84.34,1,High Risk
8245-UMPYT,1,84.32,1,High Risk
1226-IENZN,0,84.28,1,High Risk
8058-INTPH,1,84.24,1,High Risk
6284-AHOOQ,1,84.22,1,High Risk
7786-WBJYI,1,84.19,1,High Risk
1771-OADNZ,1,84.13,1,High Risk
6328-ZPBGN,1,84.04,1,High Risk
5383-MMTWC,1,84.03,1,High Risk
4274-OWWYO,1,83.98,1,High Risk
2568-OIADY,1,83.95,1,High Risk
8436-BJUMM,1,83.91,1,High Risk
7526-BEZQB,1,83.91,1,High Risk
3428-XZMAZ,1,83.89,1,High Risk
4013-UBXWQ,1,83.88,1,High Risk
7249-WBIYX,1,83.87,1,High Risk
9253-QXKBE,1,83.83,1,High Risk
7638-QVMVY,1,83.81,1,High Risk
6615-NGGZJ,1,83.75,1,High Risk
5293-WXJAK,1,83.73,1,High Risk
4529-CKBCL,1,83.68,1,High Risk
1925-TIBLE,1,83.67,1,High Risk
7207-RMRDB,1,83.66,1,High Risk
5956-VKDTT,1,83.62,1,High Risk
0880-TKATG,1,83.61,1,High Risk
1062-LHZOD,1,83.6,1,High Risk
2774-LVQUS,1,83.58,1,High Risk
4988-IQIGL,1,83.57,1,High Risk
2612-RRIDN,1,83.57,1,High Risk
9747-DDZOS,1,83.57,1,High Risk
7024-OHCCK,1,83.53,1,High Risk
2545-EBUPK,0,83.53,1,High Risk
3372-KWFBM,1,83.49,1,High Risk
7969-AULMZ,1,83.49,1,High Risk
5482-PLVPE,1,83.47,1,High Risk
3318-OSATS,1,83.46,1,High Risk
1400-MMYXY,1,83.45,1,High Risk
5261-QSHQM,1,83.43,1,High Risk
5385-SUIRI,1,83.43,1,High Risk
6956-SMUCM,1,83.41,1,High Risk
9546-CQJSU,1,83.31,1,High Risk
7379-POKDZ,1,83.31,1,High Risk
3797-VTIDR,1,83.23,1,High Risk
9885-CSMWE,1,83.15,1,High Risk
7779-LGOVN,1,83.0,1,High Risk
5760-FXFVO,0,82.94,1,High Risk
6140-QNRQQ,1,82.93,1,High Risk
6326-MTTXK,1,82.84,1,High Risk
4228-ZGYUW,1,82.79,1,High Risk
4603-JANFB,1,82.71,1,High Risk
8086-OVPWV,1,82.69,1,High Risk
5868-YWPDW,1,82.62,1,High Risk
2446-PLQVO,1,82.62,1,High Risk
7314-OXENN,1,82.54,1,High Risk
6821-BUXUX,1,82.53,1,High Risk
9572-WUKSB,0,82.52,1,High Risk
4626-GYCZP,1,82.51,1,High Risk
6416-TVAIH,1,82.48,1,High Risk
3663-MITLP,1,82.46,1,High Risk
7908-QCBCA,1,82.45,1,High Risk
2249-YPRNG,1,82.41,1,High Risk
9497-QCMMS,1,82.35,1,High Risk
4301-VVZKA,0,82.32,1,High Risk
6496-SLWHQ,1,82.28,1,High Risk
2929-ERCFZ,1,82.26,1,High Risk
1875-QIVME,1,82.26,1,High Risk
2454-RPBRZ,1,82.24,1,High Risk
6892-XPFPU,1,82.21,1,High Risk
5494-HECPR,1,82.18,1,High Risk
9248-OJYKK,1,82.15,1,High Risk
9189-JWSHV,1,82.11,1,High Risk
7216-EWTRS,1,82.09,1,High Risk
0611-DFXKO,1,82.08,1,High Risk
9878-TNQGW,1,82.08,1,High Risk
1977-STDKI,1,82.08,1,High Risk
3902-FOIGH,1,82.03,1,High Risk
3811-VBYBZ,1,82.01,1,High Risk
2397-BRLOM,1,81.96,1,High Risk
5087-SUURX,1,81.93,1,High Risk
8372-JUXUI,1,81.87,1,High Risk
4112-LUEIZ,1,81.86,1,High Risk
1374-DMZUI,1,81.83,1,High Risk
0886-QGENL,1,81.81,1,High Risk
9231-ZJYAM,1,81.81,1,High Risk
7493-TPUWZ,1,81.79,1,High Risk
7209-JCUDS,1,81.75,1,High Risk
8780-IXSTS,1,81.73,1,High Risk
4236-XPXAV,1,81.7,1,High Risk
5597-GLBUC,1,81.69,1,High Risk
5542-TBBWB,0,81.68,1,High Risk
7330-WZLNC,1,81.59,1,High Risk
5922-ABDVO,1,81.57,1,High Risk
4115-NZRKS,0,81.56,1,High Risk
3727-RJMEO,1,81.55,1,High Risk
4750-ZRXIU,1,81.52,1,High Risk
1016-DJTSV,0,81.43,1,High Risk
5550-VFRLC,1,81.33,1,High Risk
5240-IJOQT,1,81.33,1,High Risk
1902-XBTFB,1,81.32,1,High Risk
0196-JTUQI,0,81.31,1,High Risk
4706-AXVKM,1,81.28,1,High Risk
0311-UNPFF,1,81.26,1,High Risk
7615-ESMYF,1,81.16,1,High Risk
1448-PWKYE,1,81.15,1,High Risk
1965-AKTSX,1,81.15,1,High Risk
0684-AOSIH,1,81.12,1,High Risk
0781-LKXBR,1,81.12,1,High Risk
0925-VYDLG,1,81.08,1,High Risk
6352-TWCAU,1,81.08,1,High Risk
7831-QGOXH,1,81.01,1,High Risk
3030-YDNRM,0,81.01,1,High Risk
3178-FESZO,1,80.98,1,High Risk
9274-CNFMO,1,80.94,1,High Risk
0749-IRGQE,0,80.93,1,High Risk
0325-XBFAC,1,80.92,1,High Risk
3721-CNEYS,1,80.9,1,High Risk
6358-LYNGM,1,80.88,1,High Risk
7568-PODML,1,80.85,1,High Risk
3318-NMQXL,0,80.85,1,High Risk
5150-ITWWB,0,80.83,1,High Risk
2398-YPMUR,1,80.83,1,High Risk
9907-SWKKF,1,80.79,1,High Risk
1024-GUALD,1,80.79,1,High Risk
2754-VDLTR,1,80.76,1,High Risk
2575-GFSOE,1,80.73,1,High Risk
2983-ZANRP,1,80.72,1,High Risk
2968-SSGAA,1,80.7,1,High Risk
9436-ZBZCT,1,80.68,1,High Risk
0812-WUPTB,1,80.68,1,High Risk
3312-UUMZW,0,80.67,1,High Risk
8374-XGEJJ,1,80.65,1,High Risk
5875-YPQFJ,1,80.64,1,High Risk
3393-FMZPV,1,80.48,1,High Risk
4910-AQFFX,1,80.47,1,High Risk
7665-TOALD,1,80.45,1,High Risk
2990-HWIML,1,80.44,1,High Risk
3750-CKVKH,1,80.43,1,High Risk
0306-JAELE,1,80.41,1,High Risk
9787-XVQIU,1,80.39,1,High Risk
8309-IEYJD,0,80.39,1,High Risk
0654-HMSHN,1,80.39,1,High Risk
9897-KXHCM,1,80.36,1,High Risk
5419-KLXBN,1,80.34,1,High Risk
9647-ERGBE,1,80.33,1,High Risk
7450-NWRTR,1,80.32,1,High Risk
9167-APMXZ,0,80.28,1,High Risk
5380-AFSSK,1,80.27,1,High Risk
8266-VBFQL,0,80.26,1,High Risk
2514-GINMM,1,80.26,1,High Risk
0195-IESCP,1,80.26,1,High Risk
8263-JQAIK,1,80.21,1,High Risk
6110-OHIHY,1,80.17,1,High Risk
2506-TNFCO,1,80.15,1,High Risk
6892-EZDTG,1,80.12,1,High Risk
3254-YRILK,1,80.08,1,High Risk
5186-SAMNZ,1,80.05,1,High Risk
8496-EJAUI,1,80.02,1,High Risk
9850-OWRHQ,1,80.02,1,High Risk
5233-GEEAX,1,79.98,1,High Risk
3211-AAPKX,0,79.9,1,High Risk
6413-XKKPU,1,79.84,1,High Risk
6857-VWJDT,1,79.8,1,High Risk
8063-RJYNF,1,79.77,1,High Risk
5539-TMZLF,1,79.74,1,High Risk
4140-MUHUG,1,79.72,1,High Risk
5804-LEPIM,1,79.71,1,High Risk
4143-OOBWZ,1,79.7,1,High Risk
0345-HKJVM,1,79.69,1,High Risk
8348-HFYIV,1,79.69,1,High Risk
6961-VCPMC,1,79.67,1,High Risk
8357-EQXFO,1,79.66,1,High Risk
8519-QJGJD,1,79.65,1,High Risk
7598-UAASY,1,79.65,1,High Risk
7488-MXJIV,1,79.63,1,High Risk
9600-NAXZN,1,79.62,1,High Risk
7703-ZEKEF,1,79.62,1,High Risk
3387-VATUS,1,79.62,1,High Risk
5590-YRFJT,1,79.56,1,High Risk
9606-PBKBQ,1,79.55,1,High Risk
6923-JHPMP,0,79.53,1,High Risk
4817-VYYWS,1,79.52,1,High Risk
5980-NOPLP,1,79.52,1,High Risk
4822-NGOCH,1,79.51,1,High Risk
5226-NOZFC,0,79.46,1,High Risk
0871-URUWO,1,79.4,1,High Risk
1086-LXKFY,1,79.38,1,High Risk
4927-WWOOZ,0,79.37,1,High Risk
5572-ZDXHY,1,79.37,1,High Risk
4702-IOQDC,1,79.32,1,High Risk
6711-FLDFB,1,79.31,1,High Risk
7365-BVCJH,0,79.27,1,High Risk
4415-IJZTP,1,79.24,1,High Risk
5027-QPKTE,1,79.21,1,High Risk
5449-FIBXJ,1,79.18,1,High Risk
7538-GWHML,1,79.17,1,High Risk
2691-NZETQ,1,79.16,1,High Risk
9944-HKVVB,1,79.1,1,High Risk
2754-SDJRD,0,79.04,1,High Risk
5989-PGKJB,0,79.01,1,High Risk
0196-VULGZ,1,79.0,1,High Risk
5349-IECLD,1,78.99,1,High Risk
5138-WVKYJ,1,78.98,1,High Risk
6688-UZPWD,1,78.96,1,High Risk
4844-JJWUY,1,78.96,1,High Risk
6993-OHLXR,1,78.95,1,High Risk
3422-LYEPQ,1,78.95,1,High Risk
3027-ZTDHO,1,78.85,1,High Risk
0137-OCGAB,1,78.83,1,High Risk
0013-EXCHZ,1,78.76,1,High Risk
1251-KRREG,1,78.76,1,High Risk
8784-CGILN,1,78.74,1,High Risk
4912-PIGUY,0,78.67,1,High Risk
4951-UKAAQ,1,78.66,1,High Risk
7470-MCQTK,1,78.63,1,High Risk
3669-LVWZB,1,78.55,1,High Risk
2642-DTVCO,1,78.55,1,High Risk
6275-YDUVO,1,78.43,1,High Risk
4636-QRJKY,1,78.42,1,High Risk
2612-RANWT,1,78.41,1,High Risk
8413-VONUO,1,78.35,1,High Risk
1833-VGRUM,1,78.34,1,High Risk
2645-QTLMB,1,78.34,1,High Risk
3629-ZNKXA,0,78.31,1,High Risk
6023-YEBUP,1,78.3,1,High Risk
3643-AHCFP,1,78.27,1,High Risk
4816-LXZYW,1,78.26,1,High Risk
6894-LFHLY,1,78.24,1,High Risk
7321-VGNKU,0,78.19,1,High Risk
2074-GKOWZ,1,78.17,1,High Risk
7395-IGJOS,1,78.16,1,High Risk
0023-HGHWL,1,78.15,1,High Risk
3045-XETSH,1,78.14,1,High Risk
1589-AGTLK,1,78.13,1,High Risk
5590-BYNII,1,78.1,1,High Risk
3488-PGMQJ,1,78.08,1,High Risk
8622-ZLFKO,0,78.04,1,High Risk
7079-QRCBC,1,78.01,1,High Risk
8382-SHQEH,1,77.98,1,High Risk
6457-GIRWB,1,77.96,1,High Risk
7548-SEPYI,1,77.93,1,High Risk
9102-IAYHT,1,77.92,1,High Risk
4716-HHKQH,0,77.87,1,High Risk
7994-UYIVZ,0,77.86,1,High Risk
3536-IQCTX,1,77.85,1,High Risk
3091-FYHKI,1,77.84,1,High Risk
2592-SEIFQ,1,77.84,1,High Risk
9050-QLROH,1,77.83,1,High Risk
8922-LIEGH,1,77.81,1,High Risk
7005-CCBKV,1,77.79,1,High Risk
6437-UKHMV,1,77.71,1,High Risk
3834-XUIFC,1,77.7,1,High Risk
2845-AFFTX,1,77.69,1,High Risk
5442-UTCVD,1,77.68,1,High Risk
9300-RENDD,1,77.64,1,High Risk
8225-BTJAU,1,77.62,1,High Risk
9685-WKZGT,1,77.59,1,High Risk
3049-SOLAY,1,77.58,1,High Risk
8993-PHFWD,1,77.58,1,High Risk
9286-DOJGF,1,77.56,1,High Risk
7912-SYRQT,1,77.55,1,High Risk
5685-IIXLY,1,77.53,1,High Risk
3703-VAVCL,1,77.53,1,High Risk
6910-HADCM,1,77.52,1,High Risk
8775-CEBBJ,1,77.51,1,High Risk
7295-JOMMD,1,77.47,1,High Risk
0375-HVGXO,1,77.46,1,High Risk
5378-IKEEG,1,77.43,1,High Risk
8185-UPYBR,1,77.41,1,High Risk
6860-YRJZP,0,77.4,1,High Risk
8708-XPXHZ,1,77.4,1,High Risk
6457-USBER,1,77.37,1,High Risk
4958-GZWIY,1,77.37,1,High Risk
5644-PDMZC,1,77.32,1,High Risk
4145-UQXUQ,1,77.3,1,High Risk
9223-UCPVT,1,77.26,1,High Risk
4763-PGDPO,1,77.24,1,High Risk
5276-KQWHG,1,77.22,1,High Risk
8752-STIVR,1,77.17,1,High Risk
0378-NHQXU,1,77.11,1,High Risk
3296-SILRA,1,77.04,1,High Risk
6240-EURKS,1,77.02,1,High Risk
7861-UVUFT,1,77.02,1,High Risk
7120-RFMVS,1,76.99,1,High Risk
2180-DXNEG,1,76.97,1,High Risk
0396-YCHWO,0,76.97,1,High Risk
6330-JKLPC,1,76.91,1,High Risk
9689-PTNPG,1,76.89,1,High Risk
0746-JTRFU,1,76.89,1,High Risk
0679-IDSTG,1,76.84,1,High Risk
5960-WPXQM,1,76.83,1,High Risk
6005-OBZPH,1,76.83,1,High Risk
2672-HUYVI,1,76.83,1,High Risk
6060-DRTNL,1,76.75,1,High Risk
3992-YWPKO,1,76.75,1,High Risk
9985-MWVIX,1,76.71,1,High Risk
4536-PLEQY,0,76.71,1,High Risk
2696-NARTR,1,76.7,1,High Risk
7198-GLXTC,1,76.7,1,High Risk
5382-SOYZL,0,76.69,1,High Risk
2408-WITXK,1,76.67,1,High Risk
5216-WASFJ,0,76.66,1,High Risk
4289-DTDKW,1,76.65,1,High Risk
5277-ZLOOR,1,76.65,1,High Risk
4391-RESHN,1,76.6,1,High Risk
5583-SXDAG,1,76.58,1,High Risk
3671-SHRSP,1,76.58,1,High Risk
5696-QURRL,1,76.52,1,High Risk
3292-PBZEJ,0,76.52,1,High Risk
2951-QOQTK,1,76.51,1,High Risk
0841-NULXI,1,76.47,1,High Risk
2205-YMZZJ,1,76.44,1,High Risk
8443-WVPSS,1,76.28,1,High Risk
2777-PHDEI,1,76.25,1,High Risk
0135-NMXAP,1,76.24,1,High Risk
7377-DMMRI,1,76.17,1,High Risk
4855-SNKMY,1,76.14,1,High Risk
7594-RQHXR,1,76.14,1,High Risk
8337-MSSXB,1,76.14,1,High Risk
6615-ZGEDR,1,76.13,1,High Risk
4373-MAVJG,1,76.12,1,High Risk
1934-SJVJK,1,76.06,1,High Risk
3871-IKPYH,1,76.04,1,High Risk
1157-BQCUW,1,76.04,1,High Risk
3199-XGZCY,0,76.02,1,High Risk
0947-MUGVO,1,76.01,1,High Risk
9940-HPQPG,1,76.01,1,High Risk
0742-NXBGR,1,75.91,1,High Risk
3801-HMYNL,1,75.89,1,High Risk
1567-DSCIC,1,75.88,1,High Risk
6521-YYTYI,1,75.87,1,High Risk
8665-UTDHZ,1,75.86,1,High Risk
3001-CBHLQ,1,75.84,1,High Risk
5569-OUICF,1,75.82,1,High Risk
3489-HHPFY,0,75.82,1,High Risk
4369-HTUIF,1,75.81,1,High Risk
9894-EZEWG,1,75.79,1,High Risk
7363-QTBIW,0,75.78,1,High Risk
3957-LXOLK,1,75.78,1,High Risk
2672-DZUOY,1,75.77,1,High Risk
3106-ULWFW,1,75.76,1,High Risk
4351-QLCSU,1,75.73,1,High Risk
9206-GVPEQ,1,75.66,1,High Risk
0021-IKXGC,0,75.65,1,High Risk
0354-WYROK,1,75.6,1,High Risk
8155-IBNHG,1,75.58,1,High Risk
0328-GRPMV,1,75.54,1,High Risk
4971-PUYQO,1,75.49,1,High Risk
3420-ZDBMA,0,75.47,1,High Risk
6941-PMGEP,1,75.47,1,High Risk
9728-FTTVZ,1,75.45,1,High Risk
8182-BJDSI,1,75.44,1,High Risk
9804-ICWBG,1,75.43,1,High Risk
9355-NPPFS,0,75.41,1,High Risk
8593-WHYHV,1,75.39,1,High Risk
5536-RTPWK,1,75.38,1,High Risk
7508-MYBOG,1,75.36,1,High Risk
5909-ECHUI,1,75.32,1,High Risk
7153-OANIO,1,75.31,1,High Risk
9944-AEXBM,0,75.29,1,High Risk
4597-NUCQV,1,75.29,1,High Risk
9300-AGZNL,1,75.28,1,High Risk
2077-MPJQO,0,75.24,1,High Risk
9306-CPCBC,1,75.22,1,High Risk
9124-LHCJQ,1,75.18,1,High Risk
0256-LTHVJ,1,75.17,1,High Risk
9444-JTXHZ,1,75.16,1,High Risk
9057-SIHCH,1,75.16,1,High Risk
8740-CRYFY,1,75.15,1,High Risk
8276-MQBYC,1,75.13,1,High Risk
6032-KRXXO,1,75.11,1,High Risk
9019-QVLZD,1,75.09,1,High Risk
5167-ZFFMM,1,75.08,1,High Risk
8510-AWCXC,1,75.07,1,High Risk
8111-SLLHI,1,75.06,1,High Risk
7341-LXCAF,1,75.01,1,High Risk
8481-YYXWG,1,75.0,1,High Risk
2782-LFZVW,0,74.94,1,High Risk
3934-HXCFZ,1,74.93,1,High Risk
2379-ENZGV,1,74.93,1,High Risk
1024-VRZHF,1,74.91,1,High Risk
2867-UIMSS,1,74.9,1,High Risk
4030-VPZBD,1,74.9,1,High Risk
3063-QFSZL,1,74.86,1,High Risk
6372-RFVNS,1,74.82,1,High Risk
4021-RQSNY,1,74.74,1,High Risk
6376-GAHQE,1,74.71,1,High Risk
2372-HWUHI,1,74.7,1,High Risk
3068-OMWZA,1,74.69,1,High Risk
8062-YBDOE,1,74.68,1,High Risk
3976-BWUCK,1,74.67,1,High Risk
9221-OTIVJ,1,74.67,1,High Risk
3755-JBMNH,1,74.65,1,High Risk
7270-BDIOA,1,74.62,1,High Risk
9025-AOMKI,1,74.61,1,High Risk
1989-PRJHP,1,74.57,1,High Risk
9415-DPEWS,1,74.5,1,High Risk
2041-JIJCI,0,74.46,1,High Risk
0224-HJAPT,1,74.39,1,High Risk
1723-HKXJQ,1,74.37,1,High Risk
3494-JCHRQ,1,74.32,1,High Risk
8714-EUHJO,1,74.32,1,High Risk
1010-DIAUQ,1,74.3,1,High Risk
0235-KGSLC,1,74.29,1,High Risk
7394-FKDNK,1,74.22,1,High Risk
5307-DZCVC,1,74.17,1,High Risk
5729-KLZAR,1,74.13,1,High Risk
8943-URTMR,1,74.12,1,High Risk
6377-WHAOX,0,74.12,1,High Risk
5669-SRAIP,1,74.09,1,High Risk
6834-NXDCA,1,74.08,1,High Risk
1583-IHQZE,1,74.08,1,High Risk
5655-JSMZM,1,74.07,1,High Risk
4124-MMETB,1,74.01,1,High Risk
4587-NUKOX,1,74.01,1,High Risk
6772-KSATR,1,73.96,1,High Risk
7774-OJSXI,1,73.94,1,High Risk
0207-MDKNV,1,73.91,1,High Risk
5485-WUYWF,1,73.89,1,High Risk
1219-NNDDO,0,73.88,1,High Risk
5394-SVGJV,1,73.88,1,High Risk
2754-XBHTB,1,73.87,1,High Risk
8414-MYSHR,1,73.86,1,High Risk
1792-UXAFY,1,73.86,1,High Risk
7590-VHVEG,0,73.84,1,High Risk
4647-MUZON,0,73.82,1,High Risk
0601-WZHJF,1,73.81,1,High Risk
1628-BIZYP,0,73.79,1,High Risk
9840-DVNDC,1,73.75,1,High Risk
2685-SREOM,1,73.73,1,High Risk
9658-WYUFB,1,73.73,1,High Risk
3249-ZPQRG,1,73.68,1,High Risk
4550-EVXNY,1,73.66,1,High Risk
8087-LGYHQ,0,73.66,1,High Risk
0432-CAJZV,0,73.63,1,High Risk
4077-CROMM,1,73.6,1,High Risk
9889-TMAHG,1,73.58,1,High Risk
7503-ZGUZJ,1,73.56,1,High Risk
0689-NKYLF,1,73.53,1,High Risk
6161-UUUTA,1,73.52,1,High Risk
7029-RPUAV,1,73.46,1,High Risk
6712-OAWRH,1,73.45,1,High Risk
1915-IOFGU,1,73.45,1,High Risk
9574-RKJIF,1,73.37,1,High Risk
0515-YPMCW,1,73.36,1,High Risk
5981-ITEMU,1,73.34,1,High Risk
2091-RFFBA,1,73.29,1,High Risk
4390-KYULV,1,73.28,1,High Risk
6087-MVHJH,1,73.26,1,High Risk
6015-VVHHE,1,73.22,1,High Risk
6331-EWIEB,1,73.22,1,High Risk
3066-RRJIO,1,73.21,1,High Risk
5108-ADXWO,1,73.2,1,High Risk
0402-CQAJN,1,73.09,1,High Risk
7240-FQLHE,1,73.07,1,High Risk
5628-FCGYG,0,73.04,1,High Risk
0772-GYEQQ,1,73.02,1,High Risk
3585-ISXZP,1,72.99,1,High Risk
4806-KEXQR,1,72.95,1,High Risk
9603-OAIHC,0,72.95,1,High Risk
2725-KXXWT,1,72.94,1,High Risk
6543-CPZMK,1,72.94,1,High Risk
2929-QNSRW,1,72.9,1,High Risk
7351-KYHQH,0,72.88,1,High Risk
1960-UYCNN,0,72.77,1,High Risk
4806-HIPDW,1,72.76,1,High Risk
5393-RXQSZ,1,72.76,1,High Risk
7480-QNVZJ,1,72.76,1,High Risk
9492-TOKRI,1,72.76,1,High Risk
6702-OHFWR,1,72.71,1,High Risk
6646-VRFOL,1,72.69,1,High Risk
0495-ZBNGW,1,72.69,1,High Risk
9172-ANCRX,1,72.66,1,High Risk
8417-FMLZI,1,72.66,1,High Risk
5976-JCJRH,1,72.64,1,High Risk
8118-LSUEL,1,72.62,1,High Risk
2984-AFWNC,0,72.62,1,High Risk
2665-NPTGL,0,72.62,1,High Risk
4884-ZTHVF,0,72.57,1,High Risk
6365-MTGZX,1,72.55,1,High Risk
1428-GTBJJ,1,72.54,1,High Risk
9824-BEMCV,1,72.5,1,High Risk
2761-OCIAX,1,72.42,1,High Risk
7142-HVGBG,1,72.4,1,High Risk
3753-TSEMP,1,72.38,1,High Risk
2260-USTRB,1,72.37,1,High Risk
6877-LGWXO,1,72.34,1,High Risk
9734-YWGEX,1,72.31,1,High Risk
1496-GGSUK,1,72.28,1,High Risk
8861-HGGKB,1,72.25,1,High Risk
4229-CZMLL,1,72.24,1,High Risk
7928-VJYAB,0,72.24,1,High Risk
6319-IEJWJ,1,72.2,1,High Risk
4480-QQRHC,0,72.17,1,High Risk
5940-NFXKV,1,72.17,1,High Risk
8063-GBATB,1,72.17,1,High Risk
8849-AYPTR,0,72.15,1,High Risk
6127-ISGTU,1,72.15,1,High Risk
1704-NRWYE,1,72.12,1,High Risk
5331-RGMTT,0,72.11,1,High Risk
6959-UWKHF,1,72.1,1,High Risk
3235-ETOOB,1,72.06,1,High Risk
2962-XPMCQ,1,72.04,1,High Risk
0661-XEYAN,1,71.99,1,High Risk
2860-RANUS,1,71.98,1,High Risk
4587-VVTOX,1,71.96,1,High Risk
1564-NTYXF,1,71.94,1,High Risk
8854-CCVSQ,1,71.93,1,High Risk
6946-LMSQS,1,71.91,1,High Risk
7668-XCFYV,0,71.91,1,High Risk
2276-YDAVZ,1,71.91,1,High Risk
5564-NEMQO,1,71.88,1,High Risk
5339-PXDVH,0,71.83,1,High Risk
8949-JTMAY,1,71.83,1,High Risk
6086-ESGRL,1,71.81,1,High Risk
5519-YLDGW,1,71.79,1,High Risk
5054-IEXZT,1,71.78,1,High Risk
1342-JPNKI,1,71.74,1,High Risk
9330-IJWIO,1,71.71,1,High Risk
3677-TNKIO,1,71.7,1,High Risk
2195-ZRVAX,1,71.69,1,High Risk
3006-XIMLN,1,71.69,1,High Risk
0634-SZPQA,1,71.66,1,High Risk
7675-OZCZG,1,71.62,1,High Risk
7206-GZCDC,1,71.59,1,High Risk
2272-QAGFO,1,71.57,1,High Risk
9506-UXUSK,0,71.55,1,High Risk
1842-EZJMK,1,71.5,1,High Risk
8625-AZYZY,1,71.49,1,High Risk
2845-HSJCY,1,71.48,1,High Risk
5552-ZNFSJ,1,71.46,1,High Risk
3329-WDIOK,1,71.44,1,High Risk
5119-KEPFY,0,71.43,1,High Risk
1724-BQUHA,1,71.4,1,High Risk
9430-FRQOC,1,71.33,1,High Risk
2219-MVUSO,1,71.32,1,High Risk
0168-XZKBB,0,71.31,1,High Risk
7571-YXDAD,1,71.3,1,High Risk
2799-ARNLO,0,71.27,1,High Risk
0488-GSLFR,1,71.26,1,High Risk
5937-EORGB,0,71.25,1,High Risk
8650-RHRKE,1,71.24,1,High Risk
7599-FKVXZ,1,71.19,1,High Risk
7481-ATQQS,1,71.16,1,High Risk
3943-KDREE,1,71.13,1,High Risk
8999-BOHSE,1,71.13,1,High Risk
7294-TMAOP,1,71.11,1,High Risk
5896-NPFWW,1,71.1,1,High Risk
6651-AZVTJ,1,71.09,1,High Risk
7547-EKNFS,1,71.04,1,High Risk
3765-JXVKY,1,70.95,1,High Risk
1112-CUNAO,1,70.95,1,High Risk
2868-SNELZ,1,70.93,1,High Risk
5561-NWEVX,1,70.89,1,High Risk
0115-TFERT,1,70.87,1,High Risk
5995-SNNEW,0,70.87,1,High Risk
3932-CMDTD,1,70.83,1,High Risk
3799-ISUZQ,1,70.82,1,High Risk
0125-LZQXK,1,70.82,1,High Risk
4285-GYRQC,1,70.77,1,High Risk
0480-BIXDE,0,70.77,1,High Risk
6481-ESCNL,0,70.76,1,High Risk
1084-UQCHV,1,70.71,1,High Risk
2856-NNASM,1,70.7,1,High Risk
9605-WGJVW,0,70.67,1,High Risk
0754-UKWQP,1,70.66,1,High Risk
2979-SXESE,1,70.65,1,High Risk
9734-UYXQI,1,70.64,1,High Risk
1393-IMKZG,0,70.59,1,High Risk
6221-AVQYL,1,70.53,1,High Risk
4257-GAESD,0,70.52,1,High Risk
2037-SGXHH,1,70.51,1,High Risk
6583-QGCSI,1,70.5,1,High Risk
9170-CCKOU,1,70.47,1,High Risk
2034-CGRHZ,1,70.47,1,High Risk
6038-GCYEC,1,70.46,1,High Risk
5760-IFJOZ,0,70.41,1,High Risk
6543-XRMYR,1,70.4,1,High Risk
7392-YYPYJ,0,70.39,1,High Risk
9524-EGPJC,1,70.35,1,High Risk
0709-TVGUR,1,70.34,1,High Risk
8818-XYFCQ,1,70.34,1,High Risk
7802-EFKNY,1,70.34,1,High Risk
5570-PTWEH,1,70.31,1,High Risk
2187-LZGPL,1,70.3,1,High Risk
2683-BPJSO,1,70.28,1,High Risk
0623-IIHUG,1,70.27,1,High Risk
0939-YAPAF,1,70.27,1,High Risk
1981-INRFU,1,70.23,1,High Risk
1324-NLTJE,1,70.23,1,High Risk
5364-XYIRR,1,70.22,1,High Risk
8685-WHQPW,1,70.19,1,High Risk
3565-UNOCC,1,70.14,1,High Risk
4629-NRXKX,1,70.1,1,High Risk
0265-EDXBD,1,70.08,1,High Risk
5099-BAILX,1,70.0,1,High Risk
9490-DFPMD,1,69.96,1,High Risk
3082-VQXNH,0,69.95,1,High Risk
6128-CZOMY,1,69.94,1,High Risk
0875-CABNR,1,69.91,1,High Risk
7354-OIJLX,0,69.88,1,High Risk
1571-SAVHK,1,69.81,1,High Risk
9239-ZBZZV,1,69.74,1,High Risk
3374-LXDEV,1,69.74,1,High Risk
7315-WYOAW,0,69.73,1,High Risk
9874-QLCLH,1,69.69,1,High Risk
3722-WPXTK,1,69.64,1,High Risk
1173-XZPYF,0,69.62,1,High Risk
6390-DSAZX,1,69.6,1,High Risk
3999-QGRJH,1,69.6,1,High Risk
3315-TOTBP,1,69.59,1,High Risk
1320-HTRDR,1,69.57,1,High Risk
7903-CMPEY,1,69.57,1,High Risk
7402-EYFXX,0,69.56,1,High Risk
3177-LASXD,1,69.56,1,High Risk
0067-DKWBL,1,69.54,1,High Risk
3538-WZPHD,1,69.53,1,High Risk
8183-ONMXC,1,69.49,1,High Risk
4572-DVCGN,1,69.48,1,High Risk
4633-MKHYU,0,69.45,1,High Risk
4430-UZIPO,1,69.43,1,High Risk
2013-SGDXK,1,69.43,1,High Risk
2697-NQBPF,0,69.42,1,High Risk
1907-UBQFC,1,69.38,1,High Risk
7595-EUIVN,1,69.33,1,High Risk
5498-TXHLF,1,69.33,1,High Risk
4759-TRPLW,1,69.29,1,High Risk
1518-VOWAV,1,69.27,1,High Risk
0685-MLYYM,1,69.26,1,High Risk
2114-MGINA,1,69.25,1,High Risk
8779-QRDMV,1,69.25,1,High Risk
9540-JYROE,1,69.22,1,High Risk
6230-BSUXY,1,69.19,1,High Risk
7780-OTDSO,1,69.16,1,High Risk
2868-MZAGQ,1,69.13,1,High Risk
0872-NXJYS,1,69.08,1,High Risk
3217-FZDMN,1,69.08,1,High Risk
0324-BRPCJ,1,69.05,1,High Risk
2026-TGDHM,1,69.05,1,High Risk
5835-BEQEU,1,69.05,1,High Risk
8601-QACRS,1,68.99,1,High Risk
0637-YLETY,1,68.98,1,High Risk
8486-AYEQH,0,68.98,1,High Risk
0940-OUQEC,1,68.96,1,High Risk
0674-DGMAQ,0,68.94,1,High Risk
3317-VLGQT,0,68.94,1,High Risk
6599-RCLCJ,1,68.86,1,High Risk
9317-WZPGV,1,68.83,1,High Risk
6595-COKXZ,1,68.83,1,High Risk
4423-YLHDV,1,68.79,1,High Risk
7963-GQRMY,1,68.77,1,High Risk
8901-HJXTF,1,68.76,1,High Risk
6410-LEFEN,1,68.76,1,High Risk
0506-LVNGN,1,68.74,1,High Risk
9269-CQOOL,1,68.72,1,High Risk
0511-JTEOY,1,68.71,1,High Risk
1455-ESIQH,1,68.62,1,High Risk
2956-GGUCQ,1,68.62,1,High Risk
2369-UAPKZ,1,68.6,1,High Risk
9048-JVYVF,1,68.58,1,High Risk
8375-DKEBR,1,68.58,1,High Risk
1740-CSDJP,1,68.57,1,High Risk
5376-DEQCP,1,68.57,1,High Risk
8931-GJJIQ,1,68.57,1,High Risk
5712-PTIWW,1,68.51,1,High Risk
4631-OACRM,1,68.5,1,High Risk
6347-DCUIK,1,68.49,1,High Risk
7181-BQYBV,1,68.48,1,High Risk
6680-WKXRZ,1,68.48,1,High Risk
2608-BHKFN,1,68.42,1,High Risk
9921-ZVRHG,1,68.41,1,High Risk
7126-RBHSD,0,68.4,1,High Risk
0533-BNWKF,1,68.39,1,High Risk
3776-EKTKM,1,68.39,1,High Risk
7181-OQCUT,0,68.38,1,High Risk
3815-SLMEF,1,68.32,1,High Risk
6158-HDPXZ,0,68.31,1,High Risk
7137-RYLPP,1,68.29,1,High Risk
6581-NQCBA,1,68.29,1,High Risk
1335-NTIUC,0,68.28,1,High Risk
2100-BDNSN,1,68.28,1,High Risk
4871-JTKJF,1,68.19,1,High Risk
8775-ERLNB,0,68.17,1,High Risk
0637-UBJRP,1,68.13,1,High Risk
9851-QXEEQ,1,68.12,1,High Risk
3247-ZVOUO,1,68.11,1,High Risk
0187-QSXOE,0,68.09,1,High Risk
6969-MVBAI,0,68.05,1,High Risk
5299-SJCZT,1,68.04,1,High Risk
2856-HYAPG,1,68.02,1,High Risk
9898-KZQDZ,1,68.0,1,High Risk
1522-VVDMG,1,67.98,1,High Risk
2609-IAICY,1,67.98,1,High Risk
7254-IQWOZ,1,67.97,1,High Risk
8992-JQYUN,1,67.94,1,High Risk
4385-GZQXV,1,67.92,1,High Risk
6029-WTIPC,1,67.9,1,High Risk
1196-AMORA,1,67.86,1,High Risk
5281-BUZGT,1,67.83,1,High Risk
2430-USGXP,1,67.83,1,High Risk
0018-NYROU,0,67.82,1,High Risk
8878-HMWBV,1,67.82,1,High Risk
3317-HRTNN,1,67.81,1,High Risk
4290-BSXUX,1,67.78,1,High Risk
8008-HAWED,1,67.77,1,High Risk
9094-AZPHK,0,67.74,1,High Risk
4959-JOSRX,1,67.74,1,High Risk
3096-IZETN,1,67.69,1,High Risk
7890-VYYWG,1,67.68,1,High Risk
5366-IJEQJ,1,67.68,1,High Risk
3707-GNWHM,1,67.67,1,High Risk
6175-IRFIT,0,67.67,1,High Risk
5357-TZHPP,1,67.61,1,High Risk
2865-TCHJW,1,67.57,1,High Risk
1262-OPMFY,1,67.56,1,High Risk
9661-ACXBS,1,67.55,1,High Risk
5536-SLHPM,1,67.52,1,High Risk
0151-ONTOV,1,67.52,1,High Risk
8258-GSTJK,1,67.51,1,High Risk
0362-ZBZWJ,1,67.5,1,High Risk
3295-YVUSR,0,67.49,1,High Risk
7854-FOKSF,1,67.48,1,High Risk
4325-NFSKC,1,67.45,1,High Risk
0895-DQHEW,1,67.42,1,High Risk
9600-UDOPK,1,67.4,1,High Risk
2619-WFQWU,1,67.32,1,High Risk
2058-DCJBE,1,67.32,1,High Risk
5047-LHVLY,1,67.31,1,High Risk
0322-CHQRU,1,67.29,1,High Risk
4361-BKAXE,1,67.28,1,High Risk
2516-VQRRV,1,67.26,1,High Risk
7625-XCQRH,1,67.24,1,High Risk
1660-HSOOQ,1,67.24,1,High Risk
5144-TVGLP,0,67.21,1,High Risk
8808-ELEHO,1,67.21,1,High Risk
1334-FJSVR,1,67.17,1,High Risk
3411-WLRSQ,0,67.16,1,High Risk
5178-LMXOP,1,67.16,1,High Risk
6770-XUAGN,1,67.13,1,High Risk
9801-GDWGV,1,67.09,1,High Risk
0337-CNPZE,1,67.06,1,High Risk
4749-OJKQU,0,66.96,1,High Risk
9432-VOFYX,0,66.96,1,High Risk
6861-XWTWQ,1,66.95,1,High Risk
6242-MBHPK,0,66.89,1,High Risk
4713-LZDRV,1,66.85,1,High Risk
1264-BYWMS,1,66.84,1,High Risk
4398-HSCJH,1,66.83,1,High Risk
4078-SAYYN,1,66.82,1,High Risk
1363-TXLSL,1,66.82,1,High Risk
5519-NPHVG,1,66.8,1,High Risk
8634-MPHTR,1,66.8,1,High Risk
3841-CONLJ,0,66.79,1,High Risk
6705-LXORM,0,66.73,1,High Risk
7089-IVVAZ,1,66.71,1,High Risk
0388-EOPEX,1,66.7,1,High Risk
0148-DCDOS,1,66.65,1,High Risk
6350-XFYGW,0,66.65,1,High Risk
5650-VDUDS,1,66.58,1,High Risk
6402-ZFPPI,1,66.54,1,High Risk
7563-BIUPC,1,66.52,1,High Risk
3551-HUAZH,1,66.51,1,High Risk
6689-TCZHQ,1,66.42,1,High Risk
2373-NTKOD,0,66.42,1,High Risk
3269-ATYWD,1,66.38,1,High Risk
6960-HVYXR,1,66.37,1,High Risk
8519-IMDHU,1,66.37,1,High Risk
5119-NZPTV,0,66.37,1,High Risk
4317-VTEOA,1,66.34,1,High Risk
8679-JOEVF,1,66.25,1,High Risk
8035-PWSEV,0,66.24,1,High Risk
6502-MJQAE,1,66.23,1,High Risk
5228-EXCET,1,66.2,1,High Risk
1689-MRZQR,1,66.2,1,High Risk
0840-DFEZH,0,66.19,1,High Risk
9696-RMYBA,0,66.17,1,High Risk
1894-IGFSG,1,66.15,1,High Risk
1513-XNPPH,1,66.14,1,High Risk
5832-XKAES,1,66.1,1,High Risk
9465-RWMXL,1,66.09,1,High Risk
9117-SHLZX,1,66.08,1,High Risk
7401-RUBNK,0,66.05,1,High Risk
2984-MIIZL,1,66.0,1,High Risk
1640-PLFMP,0,65.97,1,High Risk
2344-JMOGN,1,65.96,1,High Risk
4958-XCBDQ,1,65.95,1,High Risk
0397-GZBBC,1,65.85,1,High Risk
7503-QQRVF,1,65.8,1,High Risk
9957-YODKZ,0,65.79,1,High Risk
7938-OUHIO,1,65.79,1,High Risk
4566-GOLUK,1,65.74,1,High Risk
3426-NIYYL,1,65.74,1,High Risk
1271-SJBGZ,1,65.7,1,High Risk
2123-AGEEN,0,65.69,1,High Risk
4929-BSTRX,1,65.69,1,High Risk
8610-WFCJF,1,65.65,1,High Risk
6356-ELRKD,1,65.56,1,High Risk
9095-HFAFX,1,65.56,1,High Risk
8010-EZLOU,1,65.5,1,High Risk
8565-CLBZW,1,65.49,1,High Risk
3003-CMDUU,0,65.48,1,High Risk
0378-TOVMS,1,65.47,1,High Risk
0139-IVFJG,0,65.46,1,High Risk
2955-BJZHG,1,65.46,1,High Risk
2082-OJVTK,1,65.42,1,High Risk
0836-SEYLU,1,65.41,1,High Risk
9121-PHQSR,0,65.41,1,High Risk
5569-KGJHX,1,65.39,1,High Risk
6168-WFVVF,1,65.38,1,High Risk
7825-GKXMW,1,65.35,1,High Risk
0430-IHCDJ,0,65.33,1,High Risk
3420-YJLQT,0,65.32,1,High Risk
5940-AHUHD,1,65.32,1,High Risk
4307-KTUMW,1,65.23,1,High Risk
1602-IJQQE,1,65.23,1,High Risk
2485-ITVKB,1,65.18,1,High Risk
2057-ZBLPD,1,65.14,1,High Risk
5442-BHQNG,0,65.14,1,High Risk
4484-CGXFK,1,65.1,1,High Risk
7000-WCEVQ,1,65.05,1,High Risk
5650-YLIBA,0,65.05,1,High Risk
2135-DQWAQ,0,64.96,1,High Risk
3640-PHQXK,1,64.91,1,High Risk
8739-WWKDU,1,64.89,1,High Risk
0927-LCSMG,1,64.86,1,High Risk
1853-UDXBW,1,64.84,1,High Risk
1596-BBVTG,1,64.79,1,High Risk
5052-PNLOS,1,64.78,1,High Risk
5453-AXEPF,0,64.72,1,High Risk
2495-INZWQ,1,64.62,1,High Risk
5879-SESNB,0,64.62,1,High Risk
8699-ASUFO,1,64.61,1,High Risk
8806-EAGWC,1,64.6,1,High Risk
5828-AVIPD,1,64.46,1,High Risk
5747-PMBSQ,1,64.46,1,High Risk
2178-PMGCJ,0,64.45,1,High Risk
1587-FKLZB,1,64.45,1,High Risk
7993-PYKOF,1,64.41,1,High Risk
8107-KNCIM,0,64.36,1,High Risk
1550-LOAHA,1,64.31,1,High Risk
3346-BRMIS,1,64.3,1,High Risk
3398-FSHON,1,64.29,1,High Risk
8393-DLHGA,1,64.11,1,High Risk
9136-ALYBR,1,64.1,1,High Risk
0887-HJGAR,1,64.09,1,High Risk
5899-OUVKV,0,64.07,1,High Risk
3757-NJYBX,1,63.97,1,High Risk
5077-DXTCG,1,63.96,1,High Risk
4822-YCXMX,1,63.93,1,High Risk
0524-IAVZO,1,63.9,1,High Risk
6217-TOWGS,0,63.86,1,High Risk
4039-HEUNW,1,63.85,1,High Risk
9578-VRMNM,1,63.84,1,High Risk
2568-BRGYX,1,63.83,1,High Risk
3070-DVEYC,1,63.76,1,High Risk
0576-WNXXC,1,63.76,1,High Risk
6298-QDFNH,1,63.72,1,High Risk
4607-CHPCA,1,63.65,1,High Risk
9912-GVSEQ,1,63.64,1,High Risk
2277-DJJDL,0,63.64,1,High Risk
9828-AOQLM,1,63.49,1,High Risk
3771-PZOBW,0,63.38,1,High Risk
0096-BXERS,0,63.38,1,High Risk
9282-IZGQK,1,63.37,1,High Risk
2506-CLAKW,1,63.35,1,High Risk
4813-HQMGZ,0,63.31,1,High Risk
0581-MDMPW,0,63.3,1,High Risk
3138-BKYAV,1,63.25,1,High Risk
4501-EQDRN,1,63.21,1,High Risk
4929-XIHVW,0,63.19,1,High Risk
0599-XNYDO,0,63.19,1,High Risk
3995-WFCSM,0,63.17,1,High Risk
2215-ZAFGX,0,63.16,1,High Risk
7858-GTZSP,0,63.15,1,High Risk
9717-QEBGU,0,63.15,1,High Risk
3521-SYVOR,1,63.12,1,High Risk
9625-QSTYE,1,63.12,1,High Risk
3094-JOJAI,0,63.11,1,High Risk
2154-KVJFF,1,63.06,1,High Risk
7979-CORPM,1,63.02,1,High Risk
7760-OYPDY,1,62.98,1,High Risk
9692-TUSXH,1,62.95,1,High Risk
9399-APLBT,1,62.94,1,High Risk
8651-ENBZX,1,62.92,1,High Risk
7242-QZLXF,1,62.83,1,High Risk
6715-OFDBP,1,62.8,1,High Risk
2460-FPSYH,1,62.79,1,High Risk
7409-KIUTL,1,62.78,1,High Risk
6986-IJDHX,1,62.77,1,High Risk
6900-PXRMS,1,62.75,1,High Risk
0504-HHAPI,1,62.74,1,High Risk
6906-ANDWJ,1,62.73,1,High Risk
4132-KALRO,0,62.72,1,High Risk
1254-IZEYF,1,62.72,1,High Risk
7801-KICAO,0,62.71,1,High Risk
9611-CTWIH,1,62.7,1,High Risk
4919-IKATY,1,62.7,1,High Risk
1078-TDCRN,0,62.66,1,High Risk
7932-WPTDS,1,62.65,1,High Risk
7442-YGZFK,0,62.64,1,High Risk
2189-WWOEW,1,62.63,1,High Risk
2587-EKXTS,0,62.55,1,High Risk
6210-KBBPI,1,62.55,1,High Risk
5931-FLJJF,1,62.48,1,High Risk
9722-UJOJR,1,62.45,1,High Risk
3791-LGQCY,1,62.44,1,High Risk
0434-CSFON,0,62.42,1,High Risk
8642-GVWRF,1,62.41,1,High Risk
4658-HCOHW,1,62.38,1,High Risk
7641-EUYET,1,62.36,1,High Risk
1197-BVMVG,0,62.35,1,High Risk
3956-MGXOG,0,62.34,1,High Risk
3348-CFRNX,1,62.33,1,High Risk
1450-GALXR,1,62.31,1,High Risk
3672-YITQD,1,62.29,1,High Risk
6877-TJMBR,1,62.29,1,High Risk
4749-VFKVB,1,62.26,1,High Risk
7739-LAXOG,1,62.25,1,High Risk
7245-NIIWQ,0,62.23,1,High Risk
4690-PKDQG,0,62.16,1,High Risk
8868-WOZGU,1,62.12,1,High Risk
4614-NUVZD,1,62.12,1,High Risk
3194-ORPIK,1,62.12,1,High Risk
6633-MPWBS,1,62.1,1,High Risk
5167-GBFRE,1,62.1,1,High Risk
0952-KMEEH,1,62.03,1,High Risk
8066-POXGX,1,62.0,1,High Risk
1833-TCXKK,0,61.98,1,High Risk
5159-YFPKQ,1,61.96,1,High Risk
7562-GSUHK,1,61.92,1,High Risk
1658-TJVOA,0,61.86,1,High Risk
2833-SLKDQ,1,61.84,1,High Risk
1536-HBSWP,0,61.82,1,High Risk
2722-JMONI,1,61.74,1,High Risk
6424-ELEYH,1,61.67,1,High Risk
6608-QQLVK,1,61.66,1,High Risk
0329-GTIAJ,1,61.63,1,High Risk
0818-OCPZO,1,61.63,1,High Risk
4315-MURBD,1,61.61,1,High Risk
1471-GIQKQ,0,61.61,1,High Risk
1028-FFNJK,0,61.6,1,High Risk
0793-TWELN,0,61.58,1,High Risk
6178-KFNHS,1,61.57,1,High Risk
8695-ARGXZ,0,61.55,1,High Risk
7321-PKUYW,1,61.54,1,High Risk
1816-FLZDK,0,61.53,1,High Risk
6845-RGTYS,1,61.49,1,High Risk
2004-OCQXK,1,61.49,1,High Risk
7855-DIWPO,0,61.47,1,High Risk
6899-PPEEA,1,61.46,1,High Risk
1319-YLZJG,0,61.44,1,High Risk
5935-FCCNB,0,61.41,1,High Risk
8644-XLFBW,1,61.39,1,High Risk
1866-RZZQS,1,61.33,1,High Risk
7989-CHGTL,1,61.31,1,High Risk
8993-IZEUX,0,61.24,1,High Risk
2025-JKFWI,1,61.23,1,High Risk
3223-WZWJM,1,61.16,1,High Risk
4432-ADRLB,1,61.14,1,High Risk
6402-EJMWF,0,61.12,1,High Risk
1307-ATKGB,0,61.1,1,High Risk
0468-YRPXN,0,61.05,1,High Risk
6204-IEUXJ,1,60.99,1,High Risk
7112-OPOTK,1,60.93,1,High Risk
2439-LYPMQ,0,60.92,1,High Risk
5136-KCKGI,1,60.9,1,High Risk
5129-JLPIS,0,60.9,1,High Risk
0258-NOKBL,0,60.88,1,High Risk
5606-AMZBO,0,60.87,1,High Risk
2694-CIUMO,0,60.86,1,High Risk
0320-JDNQG,1,60.82,1,High Risk
0822-GAVAP,1,60.82,1,High Risk
2640-PMGFL,1,60.81,1,High Risk
5288-AHOUP,0,60.76,1,High Risk
5609-CEBID,1,60.7,1,High Risk
0302-JOIVN,1,60.67,1,High Risk
2207-NHRJK,1,60.65,1,High Risk
4123-DVHPH,0,60.63,1,High Risk
6101-IMRMM,1,60.51,1,High Risk
5868-CZJDR,1,60.51,1,High Risk
4029-HPFVY,0,60.46,1,High Risk
4770-UEZOX,0,60.42,1,High Risk
4553-DVPZG,0,60.41,1,High Risk
6979-ZNSFF,1,60.36,1,High Risk
2737-YNGYW,1,60.33,1,High Risk
5889-LFOLL,1,60.33,1,High Risk
6507-ZJSUR,0,60.21,1,High Risk
8739-XNIKG,0,60.21,1,High Risk
4013-TLDHQ,1,60.21,1,High Risk
3398-ZOUAA,1,60.19,1,High Risk
6135-OZQVA,0,60.16,1,High Risk
9250-WYPLL,1,60.15,1,High Risk
3751-KTZEL,1,60.12,1,High Risk
8433-WXGNA,1,60.11,1,High Risk
5919-TMRGD,1,60.09,1,High Risk
4636-JGAAI,0,60.09,1,High Risk
3866-MDTUB,1,60.07,1,High Risk
3211-ILJTT,1,60.06,1,High Risk
